Company Name,Website URL,Contact Number,Location,Industry,Description
T & T Truck & Crane Service,http://truckandcrane.com,(805) 232-5116,"1375 N Olive St Ste AVentura, CA 93001",IT Services,From Business: T&T Truck and Crane Service is a family owned business since 1969. They are available 24/7 and offer competitive rates. Cranes Services: Hydraulic 15 to 300 Ton;…
Gastelums' Tree Service,http://www.gastelumtreeservice.com,(707) 435-3072,"Dixon, CA 95620",IT Services,"From Business: Are you looking for a quality tree care service? If yes, then look no further than Gastelum Tree Service. We can trim trees and shrubs to make your outdoor area…"
Holidays Madera Radiator & Muffler Service,http://holidaysmaderaradiatorandmufflerservice.localsearch.com,(559) 474-8982,"123 E 9th StMadera, CA 93638",IT Services,I am so glad I was referred to Holidays for my catalytic converter replacement. Derek and David were very professional and have my complete trust. It is difficult to find…
Ontel Security Services,http://www.ontelsecurity.com,(209) 521-0200,"Ste 11 2125 Wylie DRModesto, CA 95355",IT Services,"From Business: Ontel Security Services, Inc. has been in business since 2006 and is the One Team, One Phone Call, One Solution for your security needs.Ontel does more than…"
Dreamcatcher Bookkeeping Service,http://dreamcatcherbookkeeping.com,(916) 768-4106,"4407 Whitland CtRocklin, CA 95677",IT Services,"From Business: Dreamcatcher Bookkeeping Services, LLC is a full-service accounting firm serving clients throughout the Placer County, California area, dedicated to providing…"
lawyer Referral  Services Of Riverside County,http://riversidelrs.org,(951) 335-0144,"4129 Main StRiverside, CA 92501",IT Services,From Business: The Riverside County Bar Association Lawyer Referral Service (LRS) is the only lawyer referral service exclusively dedicated to serving the legal needs of the…
Terry's Tree Service,http://www.terrystreeservice.com,(925) 621-0439,"Livermore, CA 94550",IT Services,"Terry, himself came to our house, he reviewed the multiple trees, gave us advice and made honest, intelligent  suggestions as to the prognoses of diseased trees and suggestions…"
Hemet  Tree Service,http://hemettreeservice.com,(951) 330-4702,"40315 Johnston AveHemet, CA 92544",IT Services,"Really great guys! Easy to work with and great price. I am very happy with their work. I will be calling again"""
Cal Clean Service,http://calcleanservice.localsearch.com,(707) 942-5214,"Calistoga, CA 94515",IT Services,"I called to have my windows cleaned, and I got one of the owners on the phone. I soon learned that they do almost all the work themselves. Allan & Karen Ball owners/ operaters…"
Valley Tree Service,http://www.valleytreeservicesolano.com,(707) 999-4593,"Vacaville, CA 95696",IT Services,From Business: Valley Tree Service has been servicing Solano County for over 30 years. We offer free estimates and service residential and commercial properties. We offer…
AJ Janitorial Service,http://ajjanitorialservicecasonoma.com,(707) 723-4736,"4 Sandstone CtSanta Rosa, CA 95409",IT Services,"From Business: AJ Janitorial Service provides a range of commercial and residential cleaning services at affordable rates, including one-time or move-out cleans. We offer…"
Lancaster Insurance services,https://www.lancasterinsurance.biz,(661) 721-1337,"43700 17th St WLancaster, CA 93534",IT Services,"From Business: Full Service Insurance Company Commercial and residential insurance Specializing in Homeowners, Life, Automobile and Commercial and Fire Insurance"
Glass Services-Residential & Commercial,https://www.myglassservices.com,(714) 271-4999,"Anaheim, CA 92802",IT Services,We had someone break our front office window in the middle of the night.  Glass Services came to our rescue.  They were very professional and reasonably priced.  I would highly…
A & C Auto Air & Radiator Service,http://aandcautorepairmarin.com,(415) 578-1873,"40 Woodland AveSan Rafael, CA 94901",IT Services,"From Business: A & C Auto Air and Radiator specializes in air conditioning, radiator and scheduled factory services for repair of most American and foreign or domestic SUVs,…"
Riccabona's Landscape & Tree Service,http://www.riccabonas.com/,(831) 316-1862,"Santa Cruz, CA 95060",IT Services,From Business: Riccabonas Landscape and Tree Service offers an extensive list of services to handle your tree work and landscaping needs. From landscape construction and…
North County Cremation Service,https://www.sandiegocremationservice.com,(760) 571-9316,"635 N Twin Oaks Valley Rd Ste 18San Marcos, CA 92069",IT Services,"From Business: Since 1989, North County Cremation Services has been committed to providing compassionate and personalized services to families during their moments of grief.…"
Peninsula Pool Service & Supply Inc,http://www.peninsulapool.com,(831) 375-9248,"575 Hannon AveMonterey, CA 93940",IT Services,Peninsula Poll Service takes care of their customers. They have repaired my Polaris at a very reasonable price.They did a search to locate a new motor for my pool pump. I give…
Beacon Insurance Services Inc,http://www.beacon-insurance.com,(619) 354-7132,"4420 Hotel Circle Ct Ste 130San Diego, CA 92108",IT Services,"From Business: Our Company was started as a locally owned and operated insurance agency in San Diego, California in March of 1971 by Solomon A. Kachok. We utilize our combined…"
Mehrbrodt Insurance Service,http://www.covinainsuranceauto.com,(626) 506-2128,"930 N Grand Ave, Ste BCovina, CA 91724",IT Services,"From Business: Mehrbrodt Insurance Service provides reliable and affordable insurance coverage for you and your family. Depend on our insurance company in Covina, California,…"
BTI  Professional Services,http://btiprofessional.com/,(714) 866-4476,"17821 17th St, Suite 270Tustin, CA 92780",IT Services,I have been a client of BTI Professional Services Inc for the past 12 years and have always been satisfied with their service and professionalism.  They have always responded…
Hansen Well-Do Service,https://www.venturawaterwells.com,(805) 646-4802,"Oak View, CA 93022",IT Services,From Business: We have been in the water well industry since 1926 when my Great Grandfather bought a home built rig and drilled his first well with his two sons (Ralph Sr. and…
Adolph's A-1 Tree Service A Partnership,https://www.adolphstreeservice.com,(559) 222-0815,"6325 West Olive AvenueFresno, CA 93723",IT Services,"What a wonderful experience!From Mr. coming to give the estimate to the son and his crew doing the job.Excellent Service!!!Right on time!Entire Crew Friendly, quick and knew…"
"Skeet's Insurance Service, Inc",http://www.skeetsins.com,(209) 353-2732,"2601 Oakdale Rd, Ste H1Modesto, CA 95355",IT Services,From Business: We are your neighborhood independent insurance agency. We have been a Glidewell family-owned-and-operated business since 1967. We are staffed by knowledgeable…
Jerry's Landscaping Services,http://www.jerrys-treeservice.com/,(707) 780-2651,"1323 Coalinga AveRichmond, CA 94801",IT Services,"Jerry came today to cut an overgrown Apple tree. His crew left the yard so clean, they even swept! The tree looks amazing. He took it Dow in a way that won't shock the tree, he…"
Holycross Memorial Service Inc,https://www.holycrossmemorial.com,(530) 770-2446,"486 Bridge StYuba City, CA 95991",IT Services,"From Business: Holycross Funeral Home and Crematory provides a wide variety of funeral services, in a caring environment, at a price you can afford. We intend to earn your…"
Gregg Property Service,http://rugdoctor.com,(209) 334-4227,"401 N California StLodi, CA 95240",IT Services,From Business: *Delivered and Installed / Pick-Up *Standard Sizes in Stock *Residential - Commercial - Apartments *Fast Service
Salinas Portables and Septic Service,http://www.rent-portabletoilets.com,(209) 900-1212,"13101 Sycamore AvePatterson, CA 95363",IT Services,"From Business: Salinas Portables Inc. is your reliable source of Portable Toilets. Located in Patterson, CA inside Stanislaus County. Family Owned and Operated. We specialize…"
Vista Valley Tree Service Inc,http://www.vistavalleytree.com,(760) 659-3405,"560 Barsby StVista, CA 92084",IT Services,"We recently hired Vista Valley Tree Service to trim and remove trees at our business. They did an excellent job, and I will definitely use them in the future. In fact, I plan…"
Paragon Tax Service,http://paragontax.biz,(279) 688-3482,"Rio Vista, CA 94571",IT Services,"From Business: We handle individual and business tax returns, audit representation, bookkeeping, quarterly returns, and payroll. Our goal is to help small businesses streamline…"
County RV Service Center,https://www.countyrv.com,(619) 440-6688,"10229 Prospect AveSantee, CA 92071",IT Services,"From Business: Get all the repairs you need for your recreational vehicle at County RV Service Center. Locally owned and family operated since 1993, we have the experience to…"
Four Seasons Pool Service,http://www.thebestpoolman.com,(510) 509-1729,"37280 Filbert StreetNewark, CA 94560",IT Services,"From Business: Four Seasons Pool Service, Inc. is a full service company that offers remodeling, maintenance and repair for commercial swimming pools and spas. We take pride in…"
Jane's Answering Service,https://janesansweringservice.com,(831) 296-2718,"201 John St Ste MSalinas, CA 93901",IT Services,"From Business: We handle the high volume of incoming telephone calls that you can't quite handle, but you don't want to hire more personnel. An answering service could be…"
Tree Tech Services,https://www.treetechservices.com,(916) 520-1818,"8609 Weyand AveSacramento, CA 95828",IT Services,"It was a worry free, no hassle experience.   Thank you to Reuben and his entire crew at Tree Tech for being so AWESOME!  Mission complete!"""
Richards Tree Service Inc. - Colusa County,http://www.richardstree.com,(530) 458-4292,"Colusa, CA 95932",IT Services,"Our Mulberry tree has had excellent trimming from Richard's Tree Service for many years.  They are careful, fast, and do great on clean-up!  The crew is knowledgeable and…"
AM PM Appliance Service,https://ampmappliances.com/,(747) 224-2634,"18748 Bryant StNorthridge, CA 91324",IT Services,From Business: AM PM Appliances Service and Repair is a family-owned small business. We are one of Southern California's oldest service and repair companies. Being in business…
Lawyer Referral Service of the Bar Association of N San Diego County,http://www.lawreferral.org,(760) 659-2227,"Vista, CA 92084",IT Services,"The LRS counselors are very helpful and professional!"""
Peter Piper's Plumbing & Drain Cleaning Service,https://www.peterpipersplumbing.com,(707) 318-0008,"818 Olive StSanta Rosa, CA 95407",IT Services,Peter and his team went above and beyond to take care of my plumbing issues.  I had a leak this morning and was taken care of right away.  I am very grateful for Peter Piper's…
Zarco's Professional Tree Service,https://www.zarcosprofessionaltreeservice.com,(831) 277-7246,"25 Camino De TravesiaCarmel Valley, CA 93924",IT Services,"I was extremely pleased with the fact that my requests were listened to and the work was beautifully executed, down to proper trimming and cleanup. He has an excellent…"
"Richard's Tree Service, Inc",http://richardstree.com,(530) 673-7993,"Yuba City, CA 95993",IT Services,"Absolutely skillful, had an overgrown elm tree that needed thinning out- they sculpted it beautifully. As to the crew running the shredder: if there was nothing else to do they…"
Acorn Aboricultural Services Inc,https://www.acornarboricultural.com,(916) 742-7677,"Roseville, CA 95661",IT Services,"From Business: Acorn Arboricultural Services Inc. I.S.A. Certified Arborists and Tree Workers provide Roseville, Placer County & Greater Sacramento area with the highest…"
Franklin's  Service,http://www.franklinsservice.com/,(707) 822-1975,"1903 Heindon RdArcata, CA 95521",IT Services,"Great service, they always try to make repairs affordable- very happy!"""
Reliable Landscape & Tree Service,http://www.reliabletreeserv.com,(714) 984-8518,"18032 Lemon Dr Ste C204Yorba Linda, CA 92886",IT Services,I needed immediate service and the owner came out to give me a quote within a few hours.  He found a crew to trim one tree around telephone and electrical lines and cut down a…
Mid-County Janitorial Services,http://www.midcountyjanitorial.com,(209) 631-7545,"Merced, CA 95341",IT Services,From Business: Mid-County Janitorial Services has been proudly serving Merced and the surrounding area since 1989. We are a commercial and office cleaning company that take…
Arden Village Service Inc At Scott's Corner,http://www.ardenvillageservice.com,(916) 476-8524,"4230 Arden WaySacramento, CA 95864",IT Services,"They are all very honest, reasonable, will tell you what you (only) need to have repaired, and fix it only with your consent. They are also timely with repairs and will beat…"
T & T Truck & Crane Service,http://www.truckandcrane.com,(661) 441-8474,"1600 James RdBakersfield, CA 93308",IT Services,"From Business: T&T Truck and Crane Service is a family owned business since 1969. They are available 24/7 and offer competitive rates. Cranes Services: Hydraulic 15 to 300 Ton,…"
ServiceMaster Anytime,http://www.svma.com,(805) 562-6185,"5569 Ekwill StSanta Barbara, CA 93111",IT Services,"Great company - they are promp, professional, and get the job done quickly. I would highly recommend Service Master for flood cleanup."""
Professional Real Estate Services,http://www.livingriversidecounty.com,(951) 916-4681,"28100 Lakeview AveNuevo, CA 92567",IT Services,"From Business: Finding your dream home is not just about aesthetics, it's also about affordability. I'm here to guide you through the complex process of buying a home,…"
Alameda Roofing Service Inc,http://alamedaroofing.net,(831) 515-6735,"26 San Juan RdRoyal Oaks, CA 95076",IT Services,"From Business: Alameda Roofing Service, Inc. has specialized since 1984 in Residential, Commercial and Industrial Roofing in the Santa Cruz County area. We are committed to…"
Agricultural Pest Control Services,http://www.agpest.com,(858) 536-2999,"9927 Maine AveLakeside, CA 92040",IT Services,I highly recommend AG Pest to any home owner and renters. I called with pest issues. Jr took my call and was extremely nice and set me up with an appointment the same day.…
Team Insurance & Financial Services Inc.,https://teaminsurance.net,(707) 462-5901,"345 North State StreetUkiah, CA 95482",IT Services,"good service  and information"""
DJM Coating Svc,http://www.djmcoatingservices.com,(707) 544-9400,"Santa Rosa, CA 95403",IT Services,From Business: Please Visit Our Website for More Information
Century Service Center,http://quakekare.com,(707) 267-7095,"1739  Tomlinson StreetEureka, CA 95503",IT Services,From Business: For over 40 years Century Mobile Homes and Century Service Center has been serving Eureka CA and the surrounding area of Humboldt County. Longevity like that is…
